Device,URL
desktop,https://resumegenius.com/how-to-write-a-resume/skills-section-writing-guide
mobile,https://www.hloom.com/cover-letters/
mobile,https://resumegenius.com/how-to-write-a-resume
desktop,https://resumegenius.com/how-to-write-a-resume
mobile,https://resumegenius.com/how-to-write-a-resume
mobile,https://resumegenius.com/resume-samples
desktop,https://zety.com/resume-examples
desktop,https://resumegenius.com/resume-samples
mobile,https://resumegenius.com/resume-samples
mobile,https://resumegenius.com/cover-letter-examples
desktop,https://resumegenius.com/cover-letter-examples
desktop,https://www.glassdoor.com/blog/guide/how-to-write-a-cover-letter/
mobile,https://www.glassdoor.com/blog/guide/how-to-write-a-cover-letter/
desktop,https://zety.com/blog/how-to-write-a-cover-letter
desktop,https://resumegenius.com/how-to-write-a-cover-letter
mobile,https://resumegenius.com/how-to-write-a-cover-letter
desktop,https://resumegenius.com/how-to-write-a-cover-letter
mobile,https://resumegenius.com/how-to-write-a-cover-letter
desktop,https://resumegenius.com/resume-samples/teacher-resume-example
mobile,https://resumegenius.com/resume-samples/teacher-resume-example
desktop,https://resumegenius.com/how-to-write-a-resume/skills-section-writing-guide/top-10-soft-skills-list
mobile,https://resumegenius.com/how-to-write-a-resume/skills-section-writing-guide/top-10-soft-skills-list
desktop,https://resumegenius.com/resume-templates
mobile,https://resumegenius.com/resume-templates
mobile,https://resumegenius.com/cover-letter-examples/account-manager-cover-letter-sample
desktop,https://resumegenius.com/cover-letter-templates
mobile,https://resumegenius.com/cover-letter-templates
desktop,https://www.youthcentral.vic.gov.au/jobs-and-careers/applying-for-a-job/what-is-a-resume/how-to-write-a-resume
mobile,https://www.youthcentral.vic.gov.au/jobs-and-careers/applying-for-a-job/what-is-a-resume/how-to-write-a-resume
mobile,https://resumegenius.com/
desktop,https://resumegenius.com/
desktop,https://resumegenius.com/
mobile,https://resumegenius.com/
desktop,resumegenius.com
mobile,resumegenius.com
mobile,https://zety.com/blog/how-to-write-a-cover-letter
desktop,https://www.youthcentral.vic.gov.au/jobs-and-careers/applying-for-a-job/what-is-a-cover-letter/how-to-write-a-cover-letter
mobile,https://www.youthcentral.vic.gov.au/jobs-and-careers/applying-for-a-job/what-is-a-cover-letter/how-to-write-a-cover-letter
mobile,https://www.youthcentral.vic.gov.au/jobs-and-careers/applying-for-a-job/what-is-a-cover-letter/sample-cover-letters/cover-letter-some-work-experience
desktop,https://www.youthcentral.vic.gov.au/jobs-and-careers/applying-for-a-job/what-is-a-cover-letter/sample-cover-letters/cover-letter-some-work-experience
desktop,https://resumegenius.com/cover-letter-builder
mobile,https://resumegenius.com/cover-letter-builder
mobile,https://www.youthcentral.vic.gov.au/jobs-and-careers/applying-for-a-job/what-is-a-cover-letter/sample-cover-letters
desktop,https://zety.com/cover-letter-builder
mobile,https://zety.com/cover-letter-builder
mobile,https://novoresume.com/career-blog/how-to-write-a-resume-guide/amp
mobile,https://zety.com/blog/resume-tips
mobile,https://www.myperfectresume.com/resume-builder/amp
mobile,https://www.thebalancecareers.com/list-of-the-best-skills-for-resumes-2062422
mobile,https://www.thebalancecareers.com/free-cover-letter-examples-and-writing-tips-2060208
desktop,https://www.thebalancecareers.com/list-of-the-best-skills-for-resumes-2062422
desktop,https://www.thebalancecareers.com/free-cover-letter-examples-and-writing-tips-2060208
mobile,https://hbr.org/2016/12/research-how-subtle-class-cues-can-backfire-on-your-resume
desktop,https://www.livecareer.com/resumes/examples/education/teacher
desktop,https://www.careers.govt.nz/job-hunting/cvs-and-cover-letters/templates/
desktop,https://hbr.org/2016/12/research-how-subtle-class-cues-can-backfire-on-your-resume
desktop,https://www.forbes.com/sites/lizryan/2014/07/17/how-to-write-your-human-voiced-resume/
desktop,https://resumecompanion.com/how-to-write-a-resume/
mobile,https://www.topresume.com/samples/resumes/teacher-library-professor
desktop,https://www.topresume.com/samples/resumes/teacher-library-professor
desktop,https://zety.com/blog/how-to-make-a-resume
mobile,https://www.teacherspayteachers.com/Browse/Search:teacher%20resume%20template
desktop,https://www.thebalancecareers.com/how-to-write-a-resume-2063336
mobile,https://www.hloom.com/resume-examples/
mobile,kickresume.com
desktop,kickresume.com
desktop,https://www.myperfectresume.com/how-to
mobile,https://www.thebalancecareers.com/free-resume-examples-and-writing-tips-2063596
mobile,https://fairygodboss.com/career-topics/the-17-best-resume-templates
desktop,https://fairygodboss.com/career-topics/the-17-best-resume-templates
mobile,https://fairygodboss.com/career-topics/the-17-best-resume-templates
desktop,https://fairygodboss.com/career-topics/the-17-best-resume-templates
mobile,https://fairygodboss.com/career-topics/the-17-best-resume-templates
mobile,https://zety.com/blog/teacher-resume
desktop,https://zety.com/blog/teacher-resume
mobile,https://resumegenius.com/cover-letters-the-how-to-guide
desktop,https://zety.com/cover-letter-templates
mobile,https://zety.com/cover-letter-templates
mobile,https://www.thebalancecareers.com/teacher-education-resume-examples-2063599
mobile,https://cultivatedculture.com/resume-skills/
desktop,https://blog.hubspot.com/marketing/resume-templates-word
desktop,https://cultivatedculture.com/resume-skills/
mobile,https://www.livecareer.com/resumes/examples/education/teacher/amp
desktop,https://www.thebalancecareers.com/teacher-education-resume-examples-2063599
mobile,https://www.thebalancecareers.com/resume-examples-listed-by-style-2063167
desktop,https://zety.com/blog/what-skills-to-put-on-a-resume
mobile,https://zety.com/blog/what-skills-to-put-on-a-resume
desktop,https://resume.io/examples
mobile,https://zety.com/resume-examples
desktop,https://zety.com/resume-examples
mobile,https://zety.com/resume-examples
desktop,https://zety.com/cover-letter-templates
mobile,https://www.youthcentral.vic.gov.au/jobs-and-careers/applying-for-a-job/what-is-a-cover-letter/how-to-write-a-cover-letter
desktop,https://www.thebalancecareers.com/cover-letters-4161919
mobile,https://zety.com/blog/how-to-write-a-cover-letter
desktop,https://zety.com/blog/how-to-write-a-cover-letter
desktop,https://zety.com/blog/how-to-write-a-cover-letter
mobile,https://zety.com/blog/how-to-write-a-cover-letter
mobile,https://zety.com/blog/how-to-write-a-cover-letter
desktop,https://zety.com/blog/how-to-write-a-cover-letter
mobile,https://zety.com/blog/how-to-write-a-cover-letter
desktop,https://au.hudson.com/job-seekers/career-advice/cover-letter-templates
mobile,https://biginterview.com/blog/2012/09/resume-design.html
desktop,https://enhancv.com/resume-examples/
mobile,https://career.virginia.edu/cover-letters
desktop,https://career.virginia.edu/cover-letters
mobile,https://enhancv.com/resume-examples/
mobile,https://www.forbes.com/sites/lizryan/2014/07/17/how-to-write-your-human-voiced-resume/
desktop,https://www.thebalancecareers.com/how-to-create-a-professional-resume-2063237
desktop,https://www.kickresume.com/en/help-center/resume-samples/
desktop,https://www.thebalancecareers.com/cover-letter-template-2060213
mobile,https://www.thebalancecareers.com/cover-letters-4161919
mobile,https://zety.com/blog/how-to-write-a-cover-letter
desktop,https://career.virginia.edu/resumes/writing-cover-letter/cover-letter-sample
mobile,https://career.virginia.edu/resumes/writing-cover-letter/cover-letter-sample
desktop,https://career.virginia.edu/resumes/writing-cover-letter/cover-letter-sample
mobile,https://career.virginia.edu/resumes/writing-cover-letter/cover-letter-sample
desktop,https://hbr.org/2014/02/how-to-write-a-cover-letter
desktop,https://www.thebalancecareers.com/cover-letter-template-2060213
desktop,https://career.virginia.edu/resumes/writing-cover-letter/cover-letter-sample
mobile,https://www.thebalancecareers.com/cover-letter-template-2060213
mobile,https://www.careeronestop.org/JobSearch/Resumes/cover-letters.aspx
desktop,https://www.careeronestop.org/JobSearch/Resumes/cover-letters.aspx
desktop,https://www.careeronestop.org/JobSearch/Resumes/cover-letters-sample.aspx
mobile,https://www.careeronestop.org/JobSearch/Resumes/cover-letters-sample.aspx
mobile,https://www.thejobnetwork.com/how-to-write-a-perfect-teaching-resume-092016/
desktop,https://www.thejobnetwork.com/how-to-write-a-perfect-teaching-resume-092016/
desktop,https://resumegenius.com/how-to-write-a-cover-letter
desktop,https://zety.com/resume-templates
mobile,https://zety.com/resume-templates
desktop,https://zety.com/resume-templates
mobile,https://zety.com/resume-templates
desktop,https://zety.com/resume-templates#1
mobile,https://zety.com/resume-templates#1
mobile,https://www.thebalance.com/high-school-resume-examples-and-writing-tips-2063554
mobile,https://www.thebalancecareers.com/high-school-resume-examples-and-writing-tips-2063554
mobile,https://www.resume-place.com/resources/cover-letter-builder/
desktop,https://www.resume-place.com/resources/cover-letter-builder/
mobile,https://www.thebalancecareers.com/skills-not-to-put-on-your-resume-4148504
desktop,https://www.thebalancecareers.com/free-resume-examples-and-writing-tips-2063596
mobile,https://www.kickresume.com/en/help-center/business-resume-samples/
mobile,https://www.thebalancecareers.com/how-to-create-a-professional-resume-2063237
desktop,https://www.thebalancecareers.com/cover-letters-4161919
desktop,https://www.thebalancecareers.com/cover-letters-4161919
mobile,https://www.thebalancecareers.com/cover-letters-4161919
mobile,https://www.thebalancecareers.com/cover-letters-4161919
mobile,https://zety.com/cover-letter-examples
mobile,https://www.thebalancecareers.com/cover-letters-4161919
desktop,https://www.indeed.com/career-advice/cover-letter-samples
desktop,https://www.roberthalf.com/blog/writing-a-resume/8-skills-that-will-make-your-receptionist-resume-pop
desktop,thebalancecareers.com
mobile,https://www.roberthalf.com/blog/writing-a-resume/8-skills-that-will-make-your-receptionist-resume-pop
mobile,thebalancecareers.com
mobile,https://templates.office.com/en-us/Resumes-and-Cover-Letters
desktop,https://templates.office.com/en-us/Resumes-and-Cover-Letters
mobile,https://www.monster.com/career-advice/article/cover-letters
desktop,https://www.monster.com/career-advice/article/cover-letters
mobile,https://www.kickresume.com/en/help-center/resume-samples/
desktop,https://www.thebalancecareers.com/resume-examples-listed-by-style-2063167
mobile,https://www.careeronestop.org/resumesinterviews/letters/coverlettertemplate.aspx
desktop,https://www.careeronestop.org/resumesinterviews/letters/coverlettertemplate.aspx
desktop,https://www.kickresume.com/en/help-center/cover-letter-samples/
mobile,https://www.kickresume.com/en/help-center/cover-letter-samples/
mobile,https://www.kickresume.com/en/cover-letters/
desktop,https://www.kickresume.com/cover-letters/
desktop,https://www.resume-now.com/templates/samples/teachers
mobile,https://resume.io/examples
desktop,https://novoresume.com/career-blog/resume-examples
mobile,https://www.myperfectresume.com/resume-templates
desktop,https://www.myperfectresume.com/resume-templates
desktop,https://www.myperfectresume.com/resume-templates
desktop,https://www.jobscan.co/resume-writing-guide
desktop,https://www.jobscan.co/resume-writing-guide
mobile,https://www.jobscan.co/resume-writing-guide
mobile,https://www.hloom.com/resumes/builder/amp/
mobile,https://www.myperfectresume.com/resume-templates
desktop,https://www.hloom.com/resumes/
desktop,https://www.monster.com/career-advice/article/how-to-write-a-resume
desktop,https://www.jobscan.co/resume-templates
desktop,https://www.kickresume.com/en/help-center/how-write-profile-resume/
mobile,https://www.jobscan.co/resume-templates
mobile,https://www.jobscan.co/cover-letter-examples
desktop,https://www.jobscan.co/cover-letter-examples
desktop,https://www.jobscan.co/cover-letter-examples
mobile,https://www.jobscan.co/cover-letter-examples
mobile,https://resumegenius.com/how-to-write-a-cover-letter
desktop,https://www.themuse.com/advice/how-to-write-a-cover-letter-31-tips-you-need-to-know
desktop,https://www.careeronestop.org/JobSearch/Resumes/cover-letters.aspx
mobile,https://www.indeed.com/career-advice/cover-letter-samples
mobile,https://career.virginia.edu/resumes/writing-cover-letter/cover-letter-sample
desktop,https://www.kickresume.com/en/help-center/cover-letter-samples/
desktop,https://formswift.com/cover-letter
mobile,https://formswift.com/cover-letter
desktop,https://resumizer.com/free_cover_letter_creator.htm
mobile,https://resumecompanion.com/cover-letter-builder/
mobile,https://resumizer.com/free_cover_letter_creator.htm
desktop,https://www.cover-letter-now.com/
desktop,https://resumecompanion.com/cover-letter-builder/
mobile,https://www.myperfectcoverletter.com/
desktop,https://smartcoverletter.com/
mobile,https://www.cover-letter-now.com/
desktop,https://www.myperfectcoverletter.com/
mobile,https://smartcoverletter.com/
mobile,https://www.livecareer.com/cover-letter-builder
desktop,https://www.livecareer.com/cover-letter-builder
mobile,https://www.indeed.com/career-advice/cover-letter-samples
desktop,https://www.indeed.com/career-advice/cover-letter-samples
mobile,https://novoresume.com/career-blog/cover-letter-examples
desktop,https://novoresume.com/career-blog/cover-letter-examples
desktop,https://www.glassdoor.com/blog/9-attention-grabbing-cover-letter-examples/
desktop,https://novoresume.com/cover-letter-templates
mobile,https://www.jobscan.co/cover-letter-templates
desktop,https://www.jobscan.co/cover-letter-templates
mobile,https://novoresume.com/cover-letter-templates
desktop,https://www.themuse.com/advice/cover-letters-are-hard-to-writebut-this-template-makes-it-a-breeze
mobile,https://www.themuse.com/advice/cover-letters-are-hard-to-writebut-this-template-makes-it-a-breeze
desktop,https://www.glassdoor.com/blog/how-to-write-perfect-cover-letter/
mobile,https://www.glassdoor.com/blog/how-to-write-perfect-cover-letter/
mobile,https://novoresume.com/cover-letter-templates
desktop,https://novoresume.com/cover-letter-templates
mobile,https://www.jobscan.co/cover-letter-writing-guide
desktop,https://www.themuse.com/advice/the-cover-letter-formula-that-skyrocketed-my-interviews-from-0-to-55
desktop,https://www.themuse.com/advice/how-to-write-a-cover-letter-31-tips-you-need-to-know
mobile,https://www.themuse.com/advice/how-to-write-a-cover-letter-31-tips-you-need-to-know
mobile,https://www.indeed.com/career-advice/cover-letter-samples
desktop,https://www.indeed.com/career-advice/cover-letter-samples
desktop,https://www.glassdoor.com/blog/guide/how-to-write-a-cover-letter/
mobile,https://www.glassdoor.com/blog/guide/how-to-write-a-cover-letter/
desktop,https://www.indeed.com/career-advice/cover-letter-samples
mobile,https://www.opencolleges.edu.au/careers/resumes/cover-letter
mobile,https://www.themuse.com/amp/advice/how-to-write-a-cover-letter-31-tips-you-need-to-know
desktop,https://www.themuse.com/advice/how-to-write-a-cover-letter-31-tips-you-need-to-know
mobile,https://m.youtube.com/watch?v=jHg0b7Nai6c
desktop,https://www.opencolleges.edu.au/careers/resumes/cover-letter
mobile,https://www.glassdoor.com/blog/how-to-write-perfect-cover-letter/
mobile,https://www.glassdoor.com/blog/guide/how-to-write-a-cover-letter/
desktop,https://www.glassdoor.com/blog/how-to-write-perfect-cover-letter/
desktop,https://www.glassdoor.com/blog/guide/how-to-write-a-cover-letter/
desktop,https://www.indeed.com/career-advice/resumes-cover-letters/6-universal-rules-for-resume-writing
mobile,https://www.experience.com/advice/job-search/resumes/seven-things-to-know-before-writing-your-first-resume/
desktop,https://www.glassdoor.com/blog/guide/how-to-write-a-resume/
mobile,http://gogovernment.org/how_to_apply/write_your_federal_resume/writing_tips.php
desktop,https://www.myperfectresume.com/how-to-write-a-resume
desktop,https://novoresume.com/career-blog/how-to-write-a-resume-guide
mobile,https://novoresume.com/resume-templates
desktop,https://www.indeed.com/career-advice/resumes-cover-letters/6-universal-rules-for-resume-writing
mobile,https://resume.io/
mobile,https://en.m.wikipedia.org/wiki/R%C3%A9sum%C3%A9
desktop,https://resume.io/
desktop,https://en.wikipedia.org/wiki/R%C3%A9sum%C3%A9
mobile,https://www.indeed.com/career-advice/resumes-cover-letters/6-universal-rules-for-resume-writing
mobile,https://www.resume.com/builder
desktop,https://www.resume.com/builder
mobile,https://www.resume.com/
desktop,https://www.resume.com/
desktop,https://www.jobscan.co/blog/top-10-free-resume-builder-tool-reviews/
mobile,https://www.resume-now.com/
desktop,https://www.myfuture.com/career/applying/resume-builder
desktop,https://www.resume-now.com/free-resume-builder
mobile,https://www.myfuture.com/career/applying/resume-builder
desktop,https://www.gotresumebuilder.com/
mobile,https://www.gotresumebuilder.com/
desktop,https://www.indeed.com/create-resume
mobile,https://www.livecareer.com/resume-builder
desktop,https://zety.com/
mobile,https://zety.com/
desktop,https://www.resumecoach.com/
mobile,https://www.indeed.com/create-resume
mobile,https://www.resumecoach.com/
desktop,https://www.livecareer.com/resume-builder
desktop,https://www.myperfectresume.com/resume-builder
mobile,https://www.resume.com/builder
desktop,https://www.resume.com/builder
desktop,https://resumegenius.com/resume-samples
desktop,https://www.resume.com/sample
mobile,https://novoresume.com/career-blog/resume-examples
mobile,https://www.myperfectresume.com/how-to
desktop,https://www.indeed.com/career-advice/resume-samples
desktop,https://www.canva.com/templates/resumes/professional/
mobile,https://resume.io/templates
desktop,https://www.resume.com/builder
desktop,https://resume.io/templates
mobile,https://www.canva.com/templates/resumes/professional/
mobile,https://www.hloom.com/resumes/
mobile,https://novoresume.com/resume-templates
desktop,https://novoresume.com/resume-templates
mobile,https://www.resume.com/builder
mobile,https://qz.com/work/1232692/the-resume-of-the-future/
desktop,https://www.glassdoor.com/blog/guide/how-to-write-a-resume/
mobile,https://resume.io/
mobile,https://en.wikipedia.org/wiki/R%C3%A9sum%C3%A9
desktop,https://en.wikipedia.org/wiki/R%C3%A9sum%C3%A9
mobile,https://www.indeed.com/career-advice/resumes-cover-letters/6-universal-rules-for-resume-writing
desktop,https://www.indeed.com/career-advice/resumes-cover-letters/6-universal-rules-for-resume-writing
mobile,https://www.resume.com/builder
desktop,https://www.resume.com/builder
mobile,https://www.resume.com/
desktop,https://www.resume.com/
mobile,https://www.theladders.com/career-advice/these-are-the-best-skills-to-include-in-your-resume
desktop,https://www.ihire.com/careeradvice/pages/soft-skills-for-resume
desktop,https://www.glassdoor.com/blog/impressive-skills-to-include-on-your-resume/
mobile,https://www.glassdoor.com/blog/impressive-skills-to-include-on-your-resume/
desktop,https://www.kickresume.com/en/help-center/how-write-skills-resume/
mobile,https://www.kickresume.com/en/help-center/how-write-skills-resume/
mobile,https://www.indeed.com/career-advice/resumes-cover-letters/best-resume-skills
desktop,https://www.indeed.com/career-advice/resumes-cover-letters/best-resume-skills
desktop,https://novoresume.com/career-blog/most-important-skills-to-put-on-your-resume
mobile,https://novoresume.com/career-blog/most-important-skills-to-put-on-your-resume
desktop,https://www.myperfectresume.com/how-to/education/teacher-resume-sample
mobile,https://www.myperfectresume.com/how-to/education/teacher-resume-sample/amp
desktop,https://www.monster.com/career-advice/article/sample-resume-teacher
mobile,https://www.resume-now.com/templates/samples/teachers/amp
desktop,https://www.monster.com/career-advice/article/sample-resume-elementary-teacher
desktop,https://novoresume.com/career-blog/teacher-resume-example
mobile,https://www.monster.com/career-advice/article/sample-resume-elementary-teacher
mobile,https://novoresume.com/career-blog/teacher-resume-example/amp
desktop,novoresume.com
mobile,novoresume.com
desktop,https://novoresume.com/resume-templates
mobile,resume.com
mobile,resume.com
mobile,https://www.livecareer.com/build-resume/mobile/choose-template
mobile,https://novoresume.com/resume-templates
desktop,https://www.resume.com/builder
desktop,hloom.com
mobile,hloom.com
desktop,resume.com
desktop,zety.com
mobile,myperfectresume.com
mobile,resume.io
mobile,zety.com
mobile,livecareer.com
desktop,livecareer.com
desktop,resume.io
mobile,https://www.myperfectresume.com/build-resume/mobile
mobile,jobscan.co
desktop,jobscan.co
desktop,myperfectresume.com
desktop,https://www.livecareer.com/build-resume/choose-template
desktop,https://app.resumegenius.com/resume-builder/start
mobile,https://app.resumegenius.com/resume-builder/start
desktop,https://www.myperfectresume.com/build-resume?wizard=true&productid=17&uid=514591d3-c10f-4e39-bd9a-fc5aca3c8a0f
desktop,resume.io
desktop,https://www.kickresume.com/register/
mobile,https://resume.io/create-resume
mobile,https://www.kickresume.com/register/